panel,Cohort,Metric,Comparison,p,Test,p display,Diff AI-Comparator,Diff low,Diff high,Diff pp text,Holm-adjusted p (4 tests within cohort),analysis_family,Holm sensitivity analysis (2 tests within cohort),Method A,Method B,AUC A,AUC B,AUC difference (A - B),Difference 95% CI Low,Difference 95% CI High,CI method,Holm-adjusted p (3 pairwise tests),Difference AI - comparator,p_decimal,figure_display
Figure3_B,External Combined,Sensitivity,AI Model vs Non-gated Agatston,1.712351746995257e-37,Exact McNemar on positives,p < 0.05,,,,,6.849406987981028e-37,Sensitivity/NPV comparison,,,,,,,,,,,,0.0000000000000000000000000000000000001712351746995257,P < 0.05
Figure3_B,External Combined,NPV,AI Model vs Non-gated Agatston,9.999000099990002e-05,Paired bootstrap diff,p < 0.05,0.1635215021035402,0.1301877401802114,0.1969565194837784,+16.4 pp (+13.0 to +19.7); p < 0.05,0.00019998000199980003,Sensitivity/NPV comparison,,,,,,,,,,,,0.00009999000099990002,P < 0.05
Figure3_B,External Combined,Sensitivity,AI Model vs Gated Agatston,3.018846051830852e-20,Exact McNemar on positives,p < 0.05,,,,,9.056538155492556e-20,Sensitivity/NPV comparison,,,,,,,,,,,,0.00000000000000000003018846051830852,P < 0.05
Figure3_B,External Combined,NPV,AI Model vs Gated Agatston,9.999000099990002e-05,Paired bootstrap diff,p < 0.05,0.102665549556259,0.07234022093862975,0.133309407360154,+10.3 pp (+7.2 to +13.3); p < 0.05,0.00019998000199980003,Sensitivity/NPV comparison,,,,,,,,,,,,0.00009999000099990002,P < 0.05
Figure3_D,Prospective Cohort 410,Sensitivity,AI Model vs Non-gated Agatston,2.980232238769531e-08,Exact McNemar on positives,p < 0.05,,,,,1.1920928955078124e-07,Sensitivity/NPV comparison,,,,,,,,,,,,0.00000002980232238769531,P < 0.05
Figure3_D,Prospective Cohort 410,NPV,AI Model vs Non-gated Agatston,0.0001999800019998,Paired bootstrap diff,p < 0.05,0.06170980587356889,0.03360316810848728,0.0919780650328866,+6.2 pp (+3.4 to +9.2); p < 0.05,0.0005999400059994,Sensitivity/NPV comparison,,,,,,,,,,,,0.0001999800019998,P < 0.05
Figure3_D,Prospective Cohort 410,Sensitivity,AI Model vs Gated Agatston,0.00390625,Exact McNemar on positives,p < 0.05,,,,,0.0078125,Sensitivity/NPV comparison,,,,,,,,,,,,0.00390625,P < 0.05
Figure3_D,Prospective Cohort 410,NPV,AI Model vs Gated Agatston,0.09119088091190881,Paired bootstrap diff,ns,0.01642082575604498,-0.00122633498207263,0.03692011553804682,+1.6 pp (-0.1 to +3.7); ns,0.09119088091190881,Sensitivity/NPV comparison,,,,,,,,,,,,0.09119088091190881,P = 0.0912
Figure3_A,External Combined,AUC,AI Model vs Non-gated Agatston,0.04508799297753879,two-sided paired DeLong,p < 0.05,0.02386091127098333,0.0005223718164690597,0.0471994507254976,,,AUC comparison,0.09017598595507759,,,,,,,,,,,0.04508799297753879,P < 0.05
Figure3_A,External Combined,AUC,AI Model vs Gated Agatston,0.04571716536977003,two-sided paired DeLong,p < 0.05,-0.020020347358476798,-0.039659612276222396,-0.0003810824407311994,,,AUC comparison,0.09017598595507759,,,,,,,,,,,0.04571716536977003,P < 0.05
Figure3_C,Prospective Cohort 410,AUC,AI Model vs Non-gated Agatston,0.07271011341008929,two-sided paired DeLong,ns,0.02826833455972544,-0.0026040026686236055,0.059140671788074486,,,AUC comparison,0.14542022682017858,,,,,,,,,,,0.07271011341008929,P = 0.0727
Figure3_C,Prospective Cohort 410,AUC,AI Model vs Gated Agatston,0.3214060201423662,two-sided paired DeLong,ns,-0.012386558744174492,-0.03687009831441662,0.012096980826067642,,,AUC comparison,0.3214060201423662,,,,,,,,,,,0.3214060201423662,P = 0.3214
Figure3_E,,,AI Model vs Non-gated Agatston,3.5834257942964366e-08,,,,,,,,AUC comparison,,AI Model,Non-gated Agatston,0.8481866642913669,0.8125032117933626,0.0356834524980043,0.0229910347212451,0.0483758702747634,DeLong,7.166851588592873e-08,,0.000000035834257942964366,P < 0.05
Figure3_E,,,AI Model vs Gated Agatston,0.0012181603409795,,,,,,,,AUC comparison,,AI Model,Gated Agatston,0.8481866642913669,0.8662442230543383,-0.0180575587629714,-0.0289993247011762,-0.0071157928247666,DeLong,0.0012181603409795,,0.0012181603409795,P < 0.05
Figure3_E,,,Gated Agatston vs Non-gated Agatston,4.511268326599553e-18,,,,,,,,AUC comparison,,Gated Agatston,Non-gated Agatston,0.8662442230543383,0.8125032117933626,0.0537410112609757,0.0415852972825183,0.0658967252394331,DeLong,1.353380497979866e-17,,0.000000000000000004511268326599553,P < 0.05
Figure3_F,Real-world Cohort,Sensitivity,AI Model vs Non-gated Agatston,8.382805900553571e-66,two-sided exact McNemar,,,,,,3.353122360221429e-65,Sensitivity/NPV comparison,,,,,,,,,,,0.325072886297376,0.000000000000000000000000000000000000000000000000000000000000000008382805900553571,P < 0.05
Figure3_F,Real-world Cohort,NPV,AI Model vs Non-gated Agatston,9.99900009999e-05,two-sided paired bootstrap difference (10000; seed=42),,,,,,0.0001999800019998,Sensitivity/NPV comparison,,,,,,,0.0714352118343007,0.0975205578141887,,,0.0844969313598276,0.0000999900009999,P < 0.05
Figure3_F,Real-world Cohort,Sensitivity,AI Model vs Gated Agatston,3.302894107035949e-06,two-sided exact McNemar,,,,,,9.908682321107849e-06,Sensitivity/NPV comparison,,,,,,,,,,,0.0655976676384839,0.000003302894107035949,P < 0.05
Figure3_F,Real-world Cohort,NPV,AI Model vs Gated Agatston,0.0040995900409959,two-sided paired bootstrap difference (10000; seed=42),,,,,,0.0040995900409959,Sensitivity/NPV comparison,,,,,,,0.0048285292051967,0.0256321866690952,,,0.0149767104153976,0.0040995900409959,P < 0.05
